<?xml version="1.0" encoding="utf-8"?>
<BindingInfo xmlns:xsi="http://www.w3.org/2001/XMLSchema-instance" xmlns:xsd="http://www.w3.org/2001/XMLSchema" Assembly="Microsoft.BizTalk.Deployment, Version=3.0.1.0, Culture=neutral, PublicKeyToken=31bf3856ad364e35" Version="3.5.1.0" BindingStatus="FullyBound" BoundEndpoints="8" TotalEndpoints="8">
  <Timestamp>2019-04-29T02:00:53.8886941+05:30</Timestamp>
  <ModuleRefCollection>
    <ModuleRef Name="[Application:ESBFrameWorkDemo]" Version="" Culture="" PublicKeyToken="" FullName="[Application:ESBFrameWorkDemo], Version=, Culture=, PublicKeyToken=">
      <Services />
      <TrackedSchemas>
        <Schema FullName="BTConsumeRestfulWithDynSP.ReqMsg" RootName="Msg" AssemblyQualifiedName="BTConsumeRestfulWithDynSP.ReqMsg,BTConsumeRestfulWithDynSP, Version=1.0.0.0, Culture=neutral, PublicKeyToken=23b4c7cdeeb0c5a7" AlwaysTrackAllProperties="false">
          <TrackedPropertyNames />
        </Schema>
        <Schema FullName="ESBFrameWorkDemo.CanMsg" RootName="CanMsg" AssemblyQualifiedName="ESBFrameWorkDemo.CanMsg,ESBFrameWorkDemo, Version=1.0.0.0, Culture=neutral, PublicKeyToken=23b4c7cdeeb0c5a7" AlwaysTrackAllProperties="false">
          <TrackedPropertyNames />
        </Schema>
        <Schema FullName="ESBFrameWorkDemo.RcvMsg" RootName="Rcv" AssemblyQualifiedName="ESBFrameWorkDemo.RcvMsg,ESBFrameWorkDemo, Version=1.0.0.0, Culture=neutral, PublicKeyToken=23b4c7cdeeb0c5a7" AlwaysTrackAllProperties="false">
          <TrackedPropertyNames />
        </Schema>
      </TrackedSchemas>
    </ModuleRef>
    <ModuleRef Name="BTConsumeRestfulWithDynSP" Version="1.0.0.0" Culture="neutral" PublicKeyToken="23b4c7cdeeb0c5a7" FullName="BTConsumeRestfulWithDynSP, Version=1.0.0.0, Culture=neutral, PublicKeyToken=23b4c7cdeeb0c5a7">
      <Services>
        <Service Name="BTConsumeRestfulWithDynSP.RestfulProcess" State="Unenlisted" TrackingOption="ServiceStartEnd MessageSendReceive OrchestrationEvents" AnalyticsEnabled="false">
          <Ports>
            <Port Name="Port_In" Modifier="2" BindingOption="1">
              <SendPortRef xsi:nil="true" />
              <DistributionListRef xsi:nil="true" />
              <ReceivePortRef Name="ESBFrameWorkDemoRestfulRcv" />
            </Port>
            <Port Name="Port_DynPort" Modifier="1" BindingOption="4">
              <SendPortRef Name="BTConsumeRestfulWithDynSP_1.0.0.0_BTConsumeRestfulWithDynSP.RestfulProcess_Port_DynPort_23b4c7cdeeb0c5a7" />
              <DistributionListRef xsi:nil="true" />
              <ReceivePortRef xsi:nil="true" />
            </Port>
            <Port Name="SendRestPort" Modifier="1" BindingOption="1">
              <SendPortRef Name="RestStaticPort" />
              <DistributionListRef xsi:nil="true" />
              <ReceivePortRef xsi:nil="true" />
            </Port>
          </Ports>
          <Roles />
          <Host Name="BizTalkServerApplication" NTGroupName="BizTalk Application Users" Type="1" Trusted="false" />
        </Service>
      </Services>
      <TrackedSchemas />
    </ModuleRef>
    <ModuleRef Name="ESBFrameWorkDemo" Version="1.0.0.0" Culture="neutral" PublicKeyToken="23b4c7cdeeb0c5a7" FullName="ESBFrameWorkDemo, Version=1.0.0.0, Culture=neutral, PublicKeyToken=23b4c7cdeeb0c5a7">
      <Services>
        <Service Name="ESBFrameWorkDemo.AssignProcess" State="Unenlisted" TrackingOption="ServiceStartEnd MessageSendReceive OrchestrationEvents" AnalyticsEnabled="false" Description="">
          <Ports>
            <Port Name="Port_In" Modifier="2" BindingOption="1">
              <SendPortRef xsi:nil="true" />
              <DistributionListRef xsi:nil="true" />
              <ReceivePortRef Name="ESBFrameWorkDemoRcv" />
            </Port>
            <Port Name="Port_Out" Modifier="1" BindingOption="1">
              <SendPortRef Name="ESBFrameWorkDemoOut" />
              <DistributionListRef xsi:nil="true" />
              <ReceivePortRef xsi:nil="true" />
            </Port>
          </Ports>
          <Roles />
          <Host Name="BizTalkServerApplication" NTGroupName="BizTalk Application Users" Type="1" Trusted="false" />
        </Service>
        <Service Name="ESBFrameWorkDemo.GatewayProcess" State="Unenlisted" TrackingOption="ServiceStartEnd MessageSendReceive OrchestrationEvents" AnalyticsEnabled="false" Description="">
          <Ports>
            <Port Name="DynSendPort" Modifier="1" BindingOption="4">
              <SendPortRef Name="ESBFrameWorkDemo_1.0.0.0_ESBFrameWorkDemo.GatewayProcess_DynSendPort_23b4c7cdeeb0c5a7" />
              <DistributionListRef xsi:nil="true" />
              <ReceivePortRef xsi:nil="true" />
            </Port>
          </Ports>
          <Roles />
          <Host Name="BizTalkServerApplication" NTGroupName="BizTalk Application Users" Type="1" Trusted="false" />
        </Service>
        <Service Name="ESBFrameWorkDemo.EnricherProcess" State="Unenlisted" TrackingOption="ServiceStartEnd MessageSendReceive OrchestrationEvents" AnalyticsEnabled="false" Description="">
          <Ports>
            <Port Name="DynSendPort" Modifier="1" BindingOption="4">
              <SendPortRef Name="ESBFrameWorkDemo_1.0.0.0_ESBFrameWorkDemo.EnricherProcess_DynSendPort_23b4c7cdeeb0c5a7" />
              <DistributionListRef xsi:nil="true" />
              <ReceivePortRef xsi:nil="true" />
            </Port>
          </Ports>
          <Roles />
          <Host Name="BizTalkServerApplication" NTGroupName="BizTalk Application Users" Type="1" Trusted="false" />
        </Service>
        <Service Name="ESBFrameWorkDemo.RestfulService" State="Unenlisted" TrackingOption="ServiceStartEnd MessageSendReceive OrchestrationEvents" AnalyticsEnabled="false">
          <Ports>
            <Port Name="Port_DynRS" Modifier="1" BindingOption="4">
              <SendPortRef Name="ESBFrameWorkDemo_1.0.0.0_ESBFrameWorkDemo.RestfulService_Port_DynRS_23b4c7cdeeb0c5a7" />
              <DistributionListRef xsi:nil="true" />
              <ReceivePortRef xsi:nil="true" />
            </Port>
          </Ports>
          <Roles />
          <Host Name="BizTalkServerApplication" NTGroupName="BizTalk Application Users" Type="1" Trusted="false" />
        </Service>
      </Services>
      <TrackedSchemas />
    </ModuleRef>
  </ModuleRefCollection>
  <SendPortCollection>
    <SendPort Name="ESBFrameWorkDemo_1.0.0.0_ESBFrameWorkDemo.GatewayProcess_DynSendPort_23b4c7cdeeb0c5a7" IsStatic="false" IsTwoWay="false" BindingOption="4" AnalyticsEnabled="false">
      <Description xsi:nil="true" />
      <TransmitPipeline Name="Microsoft.BizTalk.DefaultPipelines.XMLTransmit" FullyQualifiedName="Microsoft.BizTalk.DefaultPipelines.XMLTransmit, Microsoft.BizTalk.DefaultPipelines, Version=3.0.1.0, Culture=neutral, PublicKeyToken=31bf3856ad364e35" Type="2" TrackingOption="None" Description="" />
      <ReceivePipelineData xsi:nil="true" />
      <Tracking>0</Tracking>
      <Filter />
      <Transforms />
      <OrderedDelivery>false</OrderedDelivery>
      <Priority>5</Priority>
      <StopSendingOnFailure>false</StopSendingOnFailure>
      <RouteFailedMessage>false</RouteFailedMessage>
      <ApplicationName>ESBFrameWorkDemo</ApplicationName>
    </SendPort>
    <SendPort Name="ESBFrameWorkDemo_1.0.0.0_ESBFrameWorkDemo.EnricherProcess_DynSendPort_23b4c7cdeeb0c5a7" IsStatic="false" IsTwoWay="false" BindingOption="4" AnalyticsEnabled="false">
      <Description xsi:nil="true" />
      <TransmitPipeline Name="Microsoft.BizTalk.DefaultPipelines.XMLTransmit" FullyQualifiedName="Microsoft.BizTalk.DefaultPipelines.XMLTransmit, Microsoft.BizTalk.DefaultPipelines, Version=3.0.1.0, Culture=neutral, PublicKeyToken=31bf3856ad364e35" Type="2" TrackingOption="None" Description="" />
      <ReceivePipelineData xsi:nil="true" />
      <Tracking>0</Tracking>
      <Filter />
      <Transforms />
      <OrderedDelivery>false</OrderedDelivery>
      <Priority>5</Priority>
      <StopSendingOnFailure>false</StopSendingOnFailure>
      <RouteFailedMessage>false</RouteFailedMessage>
      <ApplicationName>ESBFrameWorkDemo</ApplicationName>
    </SendPort>
    <SendPort Name="ESBFrameWorkDemoOut" IsStatic="true" IsTwoWay="false" BindingOption="1" AnalyticsEnabled="false">
      <Description xsi:nil="true" />
      <TransmitPipeline Name="Microsoft.BizTalk.DefaultPipelines.PassThruTransmit" FullyQualifiedName="Microsoft.BizTalk.DefaultPipelines.PassThruTransmit, Microsoft.BizTalk.DefaultPipelines, Version=3.0.1.0, Culture=neutral, PublicKeyToken=31bf3856ad364e35" Type="2" TrackingOption="None" Description="" />
      <PrimaryTransport>
        <Address>E:\POCs\DotNet\ESBFrameWorkDemo\Out\%MessageID%.xml</Address>
        <TransportType Name="FILE" Capabilities="11" ConfigurationClsid="5e49e3a6-b4fc-4077-b44c-22f34a242fdb" />
        <TransportTypeData>&lt;CustomProps&gt;&lt;UseTempFileOnWrite vt="11"&gt;0&lt;/UseTempFileOnWrite&gt;&lt;AllowCacheOnWrite vt="11"&gt;0&lt;/AllowCacheOnWrite&gt;&lt;CopyMode vt="19"&gt;1&lt;/CopyMode&gt;&lt;FileName vt="8"&gt;%MessageID%.xml&lt;/FileName&gt;&lt;/CustomProps&gt;</TransportTypeData>
        <RetryCount>3</RetryCount>
        <RetryInterval>5</RetryInterval>
        <ServiceWindowEnabled>false</ServiceWindowEnabled>
        <FromTime>2000-01-01T18:30:00</FromTime>
        <ToTime>2000-01-01T18:29:59</ToTime>
        <Primary>true</Primary>
        <OrderedDelivery>false</OrderedDelivery>
        <DeliveryNotification>1</DeliveryNotification>
        <SendHandler Name="BizTalkServerApplication" HostTrusted="false">
          <TransportType Name="FILE" Capabilities="11" ConfigurationClsid="5e49e3a6-b4fc-4077-b44c-22f34a242fdb" />
        </SendHandler>
      </PrimaryTransport>
      <SecondaryTransport>
        <Address />
        <RetryCount>3</RetryCount>
        <RetryInterval>5</RetryInterval>
        <ServiceWindowEnabled>false</ServiceWindowEnabled>
        <FromTime>2000-01-01T18:30:00</FromTime>
        <ToTime>2000-01-01T18:29:59</ToTime>
        <Primary>false</Primary>
        <OrderedDelivery>false</OrderedDelivery>
        <DeliveryNotification>1</DeliveryNotification>
        <SendHandler xsi:nil="true" />
      </SecondaryTransport>
      <ReceivePipelineData xsi:nil="true" />
      <Tracking>0</Tracking>
      <Filter />
      <Transforms />
      <OrderedDelivery>false</OrderedDelivery>
      <Priority>5</Priority>
      <StopSendingOnFailure>false</StopSendingOnFailure>
      <RouteFailedMessage>false</RouteFailedMessage>
      <ApplicationName>ESBFrameWorkDemo</ApplicationName>
    </SendPort>
    <SendPort Name="BTConsumeRestfulWithDynSP_1.0.0.0_BTConsumeRestfulWithDynSP.RestfulProcess_Port_DynPort_23b4c7cdeeb0c5a7" IsStatic="false" IsTwoWay="true" BindingOption="4" AnalyticsEnabled="false">
      <Description xsi:nil="true" />
      <TransmitPipeline Name="Microsoft.BizTalk.DefaultPipelines.XMLTransmit" FullyQualifiedName="Microsoft.BizTalk.DefaultPipelines.XMLTransmit, Microsoft.BizTalk.DefaultPipelines, Version=3.0.1.0, Culture=neutral, PublicKeyToken=31bf3856ad364e35" Type="2" TrackingOption="None" Description="" />
      <ReceivePipeline Name="Microsoft.BizTalk.DefaultPipelines.PassThruReceive" FullyQualifiedName="Microsoft.BizTalk.DefaultPipelines.PassThruReceive, Microsoft.BizTalk.DefaultPipelines, Version=3.0.1.0, Culture=neutral, PublicKeyToken=31bf3856ad364e35" Type="1" TrackingOption="None" Description="" />
      <ReceivePipelineData xsi:nil="true" />
      <Tracking>0</Tracking>
      <Filter>&lt;?xml version="1.0" encoding="utf-16"?&gt;
&lt;Filter xmlns:xsi="http://www.w3.org/2001/XMLSchema-instance" xmlns:xsd="http://www.w3.org/2001/XMLSchema"&gt;
  &lt;Group&gt;
    &lt;Statement Property="Microsoft.Practices.ESB.Itinerary.Schemas.ServiceState" Operator="0" Value="Pending" /&gt;
    &lt;Statement Property="Microsoft.Practices.ESB.Itinerary.Schemas.ServiceType" Operator="0" Value="Messaging" /&gt;
    &lt;Statement Property="Microsoft.Practices.ESB.Itinerary.Schemas.ServiceName" Operator="0" Value="RestfulService" /&gt;
  &lt;/Group&gt;
&lt;/Filter&gt;</Filter>
      <Transforms />
      <InboundTransforms />
      <OrderedDelivery>false</OrderedDelivery>
      <Priority>5</Priority>
      <StopSendingOnFailure>false</StopSendingOnFailure>
      <RouteFailedMessage>false</RouteFailedMessage>
      <ApplicationName>ESBFrameWorkDemo</ApplicationName>
    </SendPort>
    <SendPort Name="RestStaticPort" IsStatic="true" IsTwoWay="true" BindingOption="1" AnalyticsEnabled="false">
      <Description xsi:nil="true" />
      <TransmitPipeline Name="Microsoft.BizTalk.DefaultPipelines.PassThruTransmit" FullyQualifiedName="Microsoft.BizTalk.DefaultPipelines.PassThruTransmit, Microsoft.BizTalk.DefaultPipelines, Version=3.0.1.0, Culture=neutral, PublicKeyToken=31bf3856ad364e35" Type="2" TrackingOption="None" Description="" />
      <PrimaryTransport>
        <Address>https://reqres.in/api</Address>
        <TransportType Name="WCF-WebHttp" Capabilities="387" ConfigurationClsid="e5b2de81-de67-4559-869b-20925949a1e0" />
        <TransportTypeData>&lt;CustomProps&gt;&lt;ServiceCertificate vt="8" /&gt;&lt;HttpMethodAndUrl vt="8"&gt;&amp;lt;BtsHttpUrlMapping&amp;gt;
&amp;lt;Operation Name= "StaticGet" Method="GET" Url="/users/2" /&amp;gt;
&amp;lt;/BtsHttpUrlMapping&amp;gt;&lt;/HttpMethodAndUrl&gt;&lt;MaxReceivedMessageSize vt="3"&gt;65536&lt;/MaxReceivedMessageSize&gt;&lt;ClientCertificate vt="8" /&gt;&lt;ProxyUserName vt="8" /&gt;&lt;UseAcsAuthentication vt="11"&gt;0&lt;/UseAcsAuthentication&gt;&lt;SuppressMessageBodyForHttpVerbs vt="8"&gt;GET&lt;/SuppressMessageBodyForHttpVerbs&gt;&lt;VariablePropertyMapping vt="8"&gt;&amp;lt;BtsVariablePropertyMapping xmlns:xsi="http://www.w3.org/2001/XMLSchema-instance" xmlns:xsd="http://www.w3.org/2001/XMLSchema" /&amp;gt;&lt;/VariablePropertyMapping&gt;&lt;SecurityMode vt="8"&gt;Transport&lt;/SecurityMode&gt;&lt;ProxyToUse vt="8"&gt;Default&lt;/ProxyToUse&gt;&lt;EndpointBehaviorConfiguration vt="8"&gt;&amp;lt;behavior name="EndpointBehavior" /&amp;gt;&lt;/EndpointBehaviorConfiguration&gt;&lt;TransportClientCredentialType vt="8"&gt;None&lt;/TransportClientCredentialType&gt;&lt;OpenTimeout vt="8"&gt;00:01:00&lt;/OpenTimeout&gt;&lt;UseSSO vt="11"&gt;0&lt;/UseSSO&gt;&lt;UseSasAuthentication vt="11"&gt;0&lt;/UseSasAuthentication&gt;&lt;CloseTimeout vt="8"&gt;00:01:00&lt;/CloseTimeout&gt;&lt;SendTimeout vt="8"&gt;00:01:00&lt;/SendTimeout&gt;&lt;HttpHeaders vt="8"&gt;Content-Type:application/xml&lt;/HttpHeaders&gt;&lt;/CustomProps&gt;</TransportTypeData>
        <RetryCount>3</RetryCount>
        <RetryInterval>5</RetryInterval>
        <ServiceWindowEnabled>false</ServiceWindowEnabled>
        <FromTime>2019-04-26T18:30:00</FromTime>
        <ToTime>2019-04-27T18:29:59</ToTime>
        <Primary>true</Primary>
        <OrderedDelivery>false</OrderedDelivery>
        <DeliveryNotification>1</DeliveryNotification>
        <SendHandler Name="BizTalkServerApplication" HostTrusted="false">
          <TransportType Name="WCF-WebHttp" Capabilities="387" ConfigurationClsid="e5b2de81-de67-4559-869b-20925949a1e0" />
        </SendHandler>
      </PrimaryTransport>
      <SecondaryTransport>
        <Address />
        <RetryCount>3</RetryCount>
        <RetryInterval>5</RetryInterval>
        <ServiceWindowEnabled>false</ServiceWindowEnabled>
        <FromTime>2019-04-26T18:30:00</FromTime>
        <ToTime>2019-04-27T18:29:59</ToTime>
        <Primary>false</Primary>
        <OrderedDelivery>false</OrderedDelivery>
        <DeliveryNotification>1</DeliveryNotification>
        <SendHandler xsi:nil="true" />
      </SecondaryTransport>
      <ReceivePipeline Name="Microsoft.BizTalk.DefaultPipelines.PassThruReceive" FullyQualifiedName="Microsoft.BizTalk.DefaultPipelines.PassThruReceive, Microsoft.BizTalk.DefaultPipelines, Version=3.0.1.0, Culture=neutral, PublicKeyToken=31bf3856ad364e35" Type="1" TrackingOption="None" Description="" />
      <ReceivePipelineData xsi:nil="true" />
      <Tracking>0</Tracking>
      <Filter />
      <Transforms />
      <InboundTransforms />
      <OrderedDelivery>false</OrderedDelivery>
      <Priority>5</Priority>
      <StopSendingOnFailure>false</StopSendingOnFailure>
      <RouteFailedMessage>false</RouteFailedMessage>
      <ApplicationName>ESBFrameWorkDemo</ApplicationName>
    </SendPort>
    <SendPort Name="ESBFrameWorkDemo_1.0.0.0_ESBFrameWorkDemo.RestfulService_Port_DynRS_23b4c7cdeeb0c5a7" IsStatic="false" IsTwoWay="true" BindingOption="4" AnalyticsEnabled="false">
      <Description xsi:nil="true" />
      <TransmitPipeline Name="Microsoft.BizTalk.DefaultPipelines.PassThruTransmit" FullyQualifiedName="Microsoft.BizTalk.DefaultPipelines.PassThruTransmit, Microsoft.BizTalk.DefaultPipelines, Version=3.0.1.0, Culture=neutral, PublicKeyToken=31bf3856ad364e35" Type="2" TrackingOption="None" Description="" />
      <ReceivePipeline Name="Microsoft.BizTalk.DefaultPipelines.PassThruReceive" FullyQualifiedName="Microsoft.BizTalk.DefaultPipelines.PassThruReceive, Microsoft.BizTalk.DefaultPipelines, Version=3.0.1.0, Culture=neutral, PublicKeyToken=31bf3856ad364e35" Type="1" TrackingOption="None" Description="" />
      <ReceivePipelineData xsi:nil="true" />
      <Tracking>0</Tracking>
      <Filter />
      <Transforms />
      <InboundTransforms />
      <OrderedDelivery>false</OrderedDelivery>
      <Priority>5</Priority>
      <StopSendingOnFailure>false</StopSendingOnFailure>
      <RouteFailedMessage>false</RouteFailedMessage>
      <ApplicationName>ESBFrameWorkDemo</ApplicationName>
    </SendPort>
  </SendPortCollection>
  <DistributionListCollection />
  <ReceivePortCollection>
    <ReceivePort Name="ESBFrameWorkDemoRcv" IsTwoWay="false" BindingOption="1" AnalyticsEnabled="false">
      <Description xsi:nil="true" />
      <ReceiveLocations>
        <ReceiveLocation Name="ESBFrameWorkDemoRL">
          <Description xsi:nil="true" />
          <Address>E:\POCs\DotNet\ESBFrameWorkDemo\In\*.xml</Address>
          <PublicAddress />
          <Primary>true</Primary>
          <ReceiveLocationServiceWindowEnabled>false</ReceiveLocationServiceWindowEnabled>
          <ReceiveLocationFromTime>2000-01-01T00:00:00</ReceiveLocationFromTime>
          <ReceiveLocationToTime>2000-01-01T23:59:59</ReceiveLocationToTime>
          <ReceiveLocationStartDateEnabled>false</ReceiveLocationStartDateEnabled>
          <ReceiveLocationStartDate>2019-04-27T00:00:00</ReceiveLocationStartDate>
          <ReceiveLocationEndDateEnabled>false</ReceiveLocationEndDateEnabled>
          <ReceiveLocationEndDate>2019-04-28T23:59:59</ReceiveLocationEndDate>
          <ReceiveLocationTransportType Name="FILE" Capabilities="11" ConfigurationClsid="5e49e3a6-b4fc-4077-b44c-22f34a242fdb" />
          <ReceiveLocationTransportTypeData>&lt;CustomProps&gt;&lt;RenameReceivedFiles vt="11"&gt;0&lt;/RenameReceivedFiles&gt;&lt;RemoveReceivedFileDelay vt="19"&gt;10&lt;/RemoveReceivedFileDelay&gt;&lt;RemoveReceivedFileMaxInterval vt="19"&gt;300000&lt;/RemoveReceivedFileMaxInterval&gt;&lt;FileMask vt="8"&gt;*.xml&lt;/FileMask&gt;&lt;FileNetFailRetryInt vt="19"&gt;5&lt;/FileNetFailRetryInt&gt;&lt;RemoveReceivedFileRetryCount vt="19"&gt;5&lt;/RemoveReceivedFileRetryCount&gt;&lt;BatchSizeInBytes vt="19"&gt;102400&lt;/BatchSizeInBytes&gt;&lt;PollingInterval vt="19"&gt;60000&lt;/PollingInterval&gt;&lt;FileNetFailRetryCount vt="19"&gt;5&lt;/FileNetFailRetryCount&gt;&lt;BatchSize vt="19"&gt;20&lt;/BatchSize&gt;&lt;/CustomProps&gt;</ReceiveLocationTransportTypeData>
          <ReceivePipeline Name="Microsoft.Practices.ESB.Itinerary.Pipelines.ItinerarySelectReceive" FullyQualifiedName="Microsoft.Practices.ESB.Itinerary.Pipelines.ItinerarySelectReceive, Microsoft.Practices.ESB.Itinerary.Pipelines, Version=2.1.0.0, Culture=neutral, PublicKeyToken=31bf3856ad364e35" Type="1" TrackingOption="ServiceStartEnd MessageSendReceive PipelineEvents" Description="" />
          <ReceivePipelineData>&lt;Root xmlns:xsd="http://www.w3.org/2001/XMLSchema" xmlns:xsi="http://www.w3.org/2001/XMLSchema-instance"&gt;&lt;Stages&gt;&lt;Stage CategoryId="9d0e4103-4cce-4536-83fa-4a5040674ad6"&gt;&lt;Components&gt;&lt;Component Name="Microsoft.Practices.ESB.Itinerary.PipelineComponents.ItinerarySelector"&gt;&lt;Properties&gt;&lt;ItineraryFactKey vt="8"&gt;Resolver.Itinerary&lt;/ItineraryFactKey&gt;&lt;ResolverConnectionString vt="8"&gt;ITINERARY:\\name=CommonRcv;version=1.0;&lt;/ResolverConnectionString&gt;&lt;/Properties&gt;&lt;/Component&gt;&lt;/Components&gt;&lt;/Stage&gt;&lt;Stage CategoryId="9d0e4105-4cce-4536-83fa-4a5040674ad6"&gt;&lt;Components&gt;&lt;Component Name="Microsoft.BizTalk.Component.XmlDasmComp"&gt;&lt;Properties /&gt;&lt;/Component&gt;&lt;/Components&gt;&lt;/Stage&gt;&lt;Stage CategoryId="9d0e410e-4cce-4536-83fa-4a5040674ad6"&gt;&lt;Components&gt;&lt;Component Name="Microsoft.Practices.ESB.PipelineComponents.Dispatcher"&gt;&lt;Properties /&gt;&lt;/Component&gt;&lt;/Components&gt;&lt;/Stage&gt;&lt;/Stages&gt;&lt;/Root&gt;</ReceivePipelineData>
          <SendPipeline xsi:nil="true" />
          <SendPipelineData xsi:nil="true" />
          <Enable>false</Enable>
          <ReceiveHandler Name="BizTalkServerApplication" HostTrusted="false">
            <TransportType Name="FILE" Capabilities="11" ConfigurationClsid="5e49e3a6-b4fc-4077-b44c-22f34a242fdb" />
          </ReceiveHandler>
          <ScheduleRecurrenceType>None</ScheduleRecurrenceType>
          <ScheduleRecurenceFrom>2019-04-27T00:00:00</ScheduleRecurenceFrom>
          <ScheduleRecurrenceInterval>1</ScheduleRecurrenceInterval>
          <ScheduleDaysOfWeek>None</ScheduleDaysOfWeek>
          <ScheduleMonths>None</ScheduleMonths>
          <ScheduleMonthDays>None</ScheduleMonthDays>
          <ScheduleOrdinalDayOfWeek>None</ScheduleOrdinalDayOfWeek>
          <ScheduleOrdinalType>None</ScheduleOrdinalType>
          <ScheduleIsOrdinal>false</ScheduleIsOrdinal>
          <ScheduleLastDayOfMonth>false</ScheduleLastDayOfMonth>
          <ScheduleAutoAdjustToDaylightSaving>true</ScheduleAutoAdjustToDaylightSaving>
          <ScheduleTimeZone>UTC</ScheduleTimeZone>
        </ReceiveLocation>
      </ReceiveLocations>
      <SendPipelineData xsi:nil="true" />
      <Authentication>0</Authentication>
      <Tracking>0</Tracking>
      <Transforms />
      <RouteFailedMessage>false</RouteFailedMessage>
      <ApplicationName>ESBFrameWorkDemo</ApplicationName>
    </ReceivePort>
    <ReceivePort Name="ESBFrameWorkDemoRestfulRcv" IsTwoWay="false" BindingOption="1" AnalyticsEnabled="false">
      <Description xsi:nil="true" />
      <ReceiveLocations>
        <ReceiveLocation Name="ESBFrameWorkDemoRestfulRcvLoc">
          <Description xsi:nil="true" />
          <Address>E:\POCs\DotNet\ESBFrameWorkDemo\Restreq\*.xml</Address>
          <PublicAddress />
          <Primary>true</Primary>
          <ReceiveLocationServiceWindowEnabled>false</ReceiveLocationServiceWindowEnabled>
          <ReceiveLocationFromTime>2019-04-27T00:00:00</ReceiveLocationFromTime>
          <ReceiveLocationToTime>2019-04-27T23:59:59</ReceiveLocationToTime>
          <ReceiveLocationStartDateEnabled>false</ReceiveLocationStartDateEnabled>
          <ReceiveLocationStartDate>2019-04-27T00:00:00</ReceiveLocationStartDate>
          <ReceiveLocationEndDateEnabled>false</ReceiveLocationEndDateEnabled>
          <ReceiveLocationEndDate>2019-04-28T00:00:00</ReceiveLocationEndDate>
          <ReceiveLocationTransportType Name="FILE" Capabilities="11" ConfigurationClsid="5e49e3a6-b4fc-4077-b44c-22f34a242fdb" />
          <ReceiveLocationTransportTypeData>&lt;CustomProps&gt;&lt;RenameReceivedFiles vt="11"&gt;0&lt;/RenameReceivedFiles&gt;&lt;RemoveReceivedFileDelay vt="19"&gt;10&lt;/RemoveReceivedFileDelay&gt;&lt;RemoveReceivedFileMaxInterval vt="19"&gt;300000&lt;/RemoveReceivedFileMaxInterval&gt;&lt;FileMask vt="8"&gt;*.xml&lt;/FileMask&gt;&lt;FileNetFailRetryInt vt="19"&gt;5&lt;/FileNetFailRetryInt&gt;&lt;RemoveReceivedFileRetryCount vt="19"&gt;5&lt;/RemoveReceivedFileRetryCount&gt;&lt;BatchSizeInBytes vt="19"&gt;102400&lt;/BatchSizeInBytes&gt;&lt;PollingInterval vt="19"&gt;60000&lt;/PollingInterval&gt;&lt;FileNetFailRetryCount vt="19"&gt;5&lt;/FileNetFailRetryCount&gt;&lt;BatchSize vt="19"&gt;20&lt;/BatchSize&gt;&lt;/CustomProps&gt;</ReceiveLocationTransportTypeData>
          <ReceivePipeline Name="Microsoft.BizTalk.DefaultPipelines.XMLReceive" FullyQualifiedName="Microsoft.BizTalk.DefaultPipelines.XMLReceive, Microsoft.BizTalk.DefaultPipelines, Version=3.0.1.0, Culture=neutral, PublicKeyToken=31bf3856ad364e35" Type="1" TrackingOption="None" Description="" />
          <ReceivePipelineData xsi:nil="true" />
          <SendPipeline xsi:nil="true" />
          <SendPipelineData xsi:nil="true" />
          <Enable>false</Enable>
          <ReceiveHandler Name="BizTalkServerApplication" HostTrusted="false">
            <TransportType Name="FILE" Capabilities="11" ConfigurationClsid="5e49e3a6-b4fc-4077-b44c-22f34a242fdb" />
          </ReceiveHandler>
          <ScheduleRecurrenceType>None</ScheduleRecurrenceType>
          <ScheduleRecurenceFrom>2019-04-27T00:00:00</ScheduleRecurenceFrom>
          <ScheduleRecurrenceInterval>1</ScheduleRecurrenceInterval>
          <ScheduleDaysOfWeek>None</ScheduleDaysOfWeek>
          <ScheduleMonths>None</ScheduleMonths>
          <ScheduleMonthDays>None</ScheduleMonthDays>
          <ScheduleOrdinalDayOfWeek>None</ScheduleOrdinalDayOfWeek>
          <ScheduleOrdinalType>None</ScheduleOrdinalType>
          <ScheduleIsOrdinal>false</ScheduleIsOrdinal>
          <ScheduleLastDayOfMonth>false</ScheduleLastDayOfMonth>
          <ScheduleAutoAdjustToDaylightSaving>true</ScheduleAutoAdjustToDaylightSaving>
          <ScheduleTimeZone>UTC</ScheduleTimeZone>
        </ReceiveLocation>
      </ReceiveLocations>
      <SendPipelineData xsi:nil="true" />
      <Authentication>0</Authentication>
      <Tracking>0</Tracking>
      <Transforms />
      <RouteFailedMessage>false</RouteFailedMessage>
      <ApplicationName>ESBFrameWorkDemo</ApplicationName>
    </ReceivePort>
    <ReceivePort Name="RestfulDemo" IsTwoWay="true" BindingOption="0" AnalyticsEnabled="false">
      <Description xsi:nil="true" />
      <ReceiveLocations>
        <ReceiveLocation Name="RestFulESBRL">
          <Description xsi:nil="true" />
          <Address>http://localhost/ESBRestful</Address>
          <PublicAddress />
          <Primary>true</Primary>
          <ReceiveLocationServiceWindowEnabled>false</ReceiveLocationServiceWindowEnabled>
          <ReceiveLocationFromTime>2019-04-27T00:00:00</ReceiveLocationFromTime>
          <ReceiveLocationToTime>2019-04-27T23:59:59</ReceiveLocationToTime>
          <ReceiveLocationStartDateEnabled>false</ReceiveLocationStartDateEnabled>
          <ReceiveLocationStartDate>2019-04-27T00:00:00</ReceiveLocationStartDate>
          <ReceiveLocationEndDateEnabled>false</ReceiveLocationEndDateEnabled>
          <ReceiveLocationEndDate>2019-04-28T00:00:00</ReceiveLocationEndDate>
          <ReceiveLocationTransportType Name="WCF-Custom" Capabilities="907" ConfigurationClsid="af081f69-38ca-4d5b-87df-f0344b12557a" />
          <ReceiveLocationTransportTypeData>&lt;CustomProps&gt;&lt;BindingConfiguration vt="8"&gt;&amp;lt;binding name="webHttpBinding" /&amp;gt;&lt;/BindingConfiguration&gt;&lt;InboundBodyPathExpression vt="8" /&gt;&lt;InboundBodyLocation vt="8"&gt;UseBodyElement&lt;/InboundBodyLocation&gt;&lt;AffiliateApplicationName vt="8" /&gt;&lt;BindingType vt="8"&gt;webHttpBinding&lt;/BindingType&gt;&lt;DisableLocationOnFailure vt="11"&gt;0&lt;/DisableLocationOnFailure&gt;&lt;UserName vt="8" /&gt;&lt;ServiceBehaviorConfiguration vt="8"&gt;&amp;lt;behavior name="ServiceBehavior" /&amp;gt;&lt;/ServiceBehaviorConfiguration&gt;&lt;EndpointBehaviorConfiguration vt="8"&gt;&amp;lt;behavior name="EndpointBehavior" /&amp;gt;&lt;/EndpointBehaviorConfiguration&gt;&lt;OutboundXmlTemplate vt="8"&gt;&amp;lt;bts-msg-body xmlns="http://www.microsoft.com/schemas/bts2007" encoding="xml"/&amp;gt;&lt;/OutboundXmlTemplate&gt;&lt;IncludeExceptionDetailInFaults vt="11"&gt;-1&lt;/IncludeExceptionDetailInFaults&gt;&lt;InboundNodeEncoding vt="8"&gt;Xml&lt;/InboundNodeEncoding&gt;&lt;CredentialType vt="8"&gt;None&lt;/CredentialType&gt;&lt;OutboundBodyLocation vt="8"&gt;UseBodyElement&lt;/OutboundBodyLocation&gt;&lt;SuspendMessageOnFailure vt="11"&gt;-1&lt;/SuspendMessageOnFailure&gt;&lt;OrderedProcessing vt="11"&gt;0&lt;/OrderedProcessing&gt;&lt;/CustomProps&gt;</ReceiveLocationTransportTypeData>
          <ReceivePipeline Name="Microsoft.Practices.ESB.Itinerary.Pipelines.ItinerarySelectReceiveXml" FullyQualifiedName="Microsoft.Practices.ESB.Itinerary.Pipelines.ItinerarySelectReceiveXml, Microsoft.Practices.ESB.Itinerary.Pipelines, Version=2.1.0.0, Culture=neutral, PublicKeyToken=31bf3856ad364e35" Type="1" TrackingOption="ServiceStartEnd MessageSendReceive PipelineEvents" Description="" />
          <ReceivePipelineData>&lt;Root xmlns:xsd="http://www.w3.org/2001/XMLSchema" xmlns:xsi="http://www.w3.org/2001/XMLSchema-instance"&gt;&lt;Stages&gt;&lt;Stage CategoryId="9d0e4105-4cce-4536-83fa-4a5040674ad6"&gt;&lt;Components&gt;&lt;Component Name="Microsoft.BizTalk.Component.XmlDasmComp"&gt;&lt;Properties /&gt;&lt;/Component&gt;&lt;/Components&gt;&lt;/Stage&gt;&lt;Stage CategoryId="9d0e410e-4cce-4536-83fa-4a5040674ad6"&gt;&lt;Components&gt;&lt;Component Name="Microsoft.Practices.ESB.Itinerary.PipelineComponents.ItinerarySelector"&gt;&lt;Properties&gt;&lt;ItineraryFactKey vt="8"&gt;Resolver.Itinerary&lt;/ItineraryFactKey&gt;&lt;ResolverConnectionString vt="8"&gt;ITINERARY:\\name=RestfulDemo;version=1.0&lt;/ResolverConnectionString&gt;&lt;/Properties&gt;&lt;/Component&gt;&lt;Component Name="Microsoft.Practices.ESB.PipelineComponents.Dispatcher"&gt;&lt;Properties /&gt;&lt;/Component&gt;&lt;/Components&gt;&lt;/Stage&gt;&lt;/Stages&gt;&lt;/Root&gt;</ReceivePipelineData>
          <SendPipeline Name="Microsoft.BizTalk.DefaultPipelines.PassThruTransmit" FullyQualifiedName="Microsoft.BizTalk.DefaultPipelines.PassThruTransmit, Microsoft.BizTalk.DefaultPipelines, Version=3.0.1.0, Culture=neutral, PublicKeyToken=31bf3856ad364e35" Type="2" TrackingOption="None" Description="" />
          <SendPipelineData xsi:nil="true" />
          <Enable>false</Enable>
          <ReceiveHandler Name="BizTalkServerApplication" HostTrusted="false">
            <TransportType Name="WCF-Custom" Capabilities="907" ConfigurationClsid="af081f69-38ca-4d5b-87df-f0344b12557a" />
          </ReceiveHandler>
          <ScheduleRecurrenceType>None</ScheduleRecurrenceType>
          <ScheduleRecurenceFrom>2019-04-27T00:00:00</ScheduleRecurenceFrom>
          <ScheduleRecurrenceInterval>1</ScheduleRecurrenceInterval>
          <ScheduleDaysOfWeek>None</ScheduleDaysOfWeek>
          <ScheduleMonths>None</ScheduleMonths>
          <ScheduleMonthDays>None</ScheduleMonthDays>
          <ScheduleOrdinalDayOfWeek>None</ScheduleOrdinalDayOfWeek>
          <ScheduleOrdinalType>None</ScheduleOrdinalType>
          <ScheduleIsOrdinal>false</ScheduleIsOrdinal>
          <ScheduleLastDayOfMonth>false</ScheduleLastDayOfMonth>
          <ScheduleAutoAdjustToDaylightSaving>true</ScheduleAutoAdjustToDaylightSaving>
          <ScheduleTimeZone>UTC</ScheduleTimeZone>
        </ReceiveLocation>
      </ReceiveLocations>
      <SendPipelineData xsi:nil="true" />
      <Authentication>0</Authentication>
      <Tracking>0</Tracking>
      <Transforms />
      <OutboundTransforms />
      <RouteFailedMessage>false</RouteFailedMessage>
      <ApplicationName>ESBFrameWorkDemo</ApplicationName>
    </ReceivePort>
  </ReceivePortCollection>
  <PartyCollection xsi:nil="true" />
</BindingInfo>